iter	Logloss
0	0.6716064453
1	0.6478420258
